-- MR: Setup STC_MAP_WORKORDERTYPE table

prompt Importing table STC_MAP_WORKORDERTYPE...

insert into STC_MAP_WORKORDERTYPE (ORDERTYPE, LINEITEMACTION, WORKORDERTYPE)
values ('I', 'A', 'I');

insert into STC_MAP_WORKORDERTYPE (ORDERTYPE, LINEITEMACTION, WORKORDERTYPE)
values ('I', 'C', 'I');

insert into STC_MAP_WORKORDERTYPE (ORDERTYPE, LINEITEMACTION, WORKORDERTYPE)
values ('I', 'M', 'I');

insert into STC_MAP_WORKORDERTYPE (ORDERTYPE, LINEITEMACTION, WORKORDERTYPE)
values ('I', 'D', 'O');

insert into STC_MAP_WORKORDERTYPE (ORDERTYPE, LINEITEMACTION, WORKORDERTYPE)
values ('C', 'A', 'I');

insert into STC_MAP_WORKORDERTYPE (ORDERTYPE, LINEITEMACTION, WORKORDERTYPE)
values ('C', 'D', 'O');

insert into STC_MAP_WORKORDERTYPE (ORDERTYPE, LINEITEMACTION, WORKORDERTYPE)
values ('C', 'M', 'C');

insert into STC_MAP_WORKORDERTYPE (ORDERTYPE, LINEITEMACTION, WORKORDERTYPE)
values ('C', 'C', 'C');

insert into STC_MAP_WORKORDERTYPE (ORDERTYPE, LINEITEMACTION, WORKORDERTYPE)
values ('O', 'D', 'O');

insert into STC_MAP_WORKORDERTYPE (ORDERTYPE, LINEITEMACTION, WORKORDERTYPE)
values ('O', 'C', 'O');

insert into STC_MAP_WORKORDERTYPE (ORDERTYPE, LINEITEMACTION, WORKORDERTYPE)
values ('D', 'S', 'D');

insert into STC_MAP_WORKORDERTYPE (ORDERTYPE, LINEITEMACTION, WORKORDERTYPE)
values ('D', 'C', 'D');

insert into STC_MAP_WORKORDERTYPE (ORDERTYPE, LINEITEMACTION, WORKORDERTYPE)
values ('E', 'R', 'E');

insert into STC_MAP_WORKORDERTYPE (ORDERTYPE, LINEITEMACTION, WORKORDERTYPE)
values ('E', 'C', 'E');

insert into STC_MAP_WORKORDERTYPE (ORDERTYPE, LINEITEMACTION, WORKORDERTYPE)
values ('T', 'M', 'T');

commit;

prompt Done.


-- MR: Setup STC_PICKLIST_FOR_VALIDATION table


prompt Importing table STC_PICKLIST_FOR_VALIDATION...

insert into STC_PICKLIST_FOR_VALIDATION (CWDOCID, DATATYPENAME, SEQUENCE, VALUE)
values ('1', 'ds_ws:feasibilityFor', 1, 'INSTALL');

insert into STC_PICKLIST_FOR_VALIDATION (CWDOCID, DATATYPENAME, SEQUENCE, VALUE)
values ('2', 'ds_ws:feasibilityFor', 2, 'CHANGE');

insert into STC_PICKLIST_FOR_VALIDATION (CWDOCID, DATATYPENAME, SEQUENCE, VALUE)
values ('3', 'ds_ws:wires', 1, '2W');

insert into STC_PICKLIST_FOR_VALIDATION (CWDOCID, DATATYPENAME, SEQUENCE, VALUE)
values ('4', 'ds_ws:wires', 2, '4W');

insert into STC_PICKLIST_FOR_VALIDATION (CWDOCID, DATATYPENAME, SEQUENCE, VALUE)
values ('5', 'ds_ws:wires', 3, '6W');

insert into STC_PICKLIST_FOR_VALIDATION (CWDOCID, DATATYPENAME, SEQUENCE, VALUE)
values ('6', 'ds_ws:wires', 4, 'LC');

insert into STC_PICKLIST_FOR_VALIDATION (CWDOCID, DATATYPENAME, SEQUENCE, VALUE)
values ('7', 'ds_ws:wires', 5, 'MM');

insert into STC_PICKLIST_FOR_VALIDATION (CWDOCID, DATATYPENAME, SEQUENCE, VALUE)
values ('8', 'ds_ws:wires', 6, 'SM');

insert into STC_PICKLIST_FOR_VALIDATION (CWDOCID, DATATYPENAME, SEQUENCE, VALUE)
values ('9', 'ds_ws:wires', 7, 'N/A');

insert into STC_PICKLIST_FOR_VALIDATION (CWDOCID, DATATYPENAME, SEQUENCE, VALUE)
values ('10', 'ds_ws:lineItemType', 1, 'Service');

insert into STC_PICKLIST_FOR_VALIDATION (CWDOCID, DATATYPENAME, SEQUENCE, VALUE)
values ('11', 'ds_ws:lineItemType', 2, 'VAS');

insert into STC_PICKLIST_FOR_VALIDATION (CWDOCID, DATATYPENAME, SEQUENCE, VALUE)
values ('12', 'ds_ws:nvAction', 1, 'Add');

insert into STC_PICKLIST_FOR_VALIDATION (CWDOCID, DATATYPENAME, SEQUENCE, VALUE)
values ('13', 'ds_ws:nvAction', 2, 'Remove');

insert into STC_PICKLIST_FOR_VALIDATION (CWDOCID, DATATYPENAME, SEQUENCE, VALUE)
values ('14', 'ds_ws:nvAction', 3, 'Modify');

insert into STC_PICKLIST_FOR_VALIDATION (CWDOCID, DATATYPENAME, SEQUENCE, VALUE)
values ('15', 'ds_ws:nvAction', 4, 'No-Change');

insert into STC_PICKLIST_FOR_VALIDATION (CWDOCID, DATATYPENAME, SEQUENCE, VALUE)
values ('16', 'ds_ws:lineItemType', 3, 'Bundle');

insert into STC_PICKLIST_FOR_VALIDATION (CWDOCID, DATATYPENAME, SEQUENCE, VALUE)
values ('17', 'ds_ws:lineItemType', 4, 'Circuit');

commit;

prompt Done.


-- MR: setting up lineItem validation map

prompt Importing table STC_LINEITEM_VALIDATION_MAP...

insert into stc_lineitem_validation_map (SERVICETYPE, ORDERTYPE, LINEITEMTYPE, OLDSERVICENUMBER, PRODUCTTYPE, REMARKS, REFERENCETELNUMBER, SERVICEDESCRIPTION, BANDWIDTH, ACCOUNTNUMBER, OLDACCOUNTNUMBER, PROJECTID, LOCATIONACITY, LOCATIONACCLICODE, LOCATIONAACCESSCIRCUIT, LOCATIONAJVCODE, LOCATIONAEXCHANGESWITCHCODE, LOCATIONAACCESSTYPE, LOCATIONAPLATEID, LOCATIONAOLDPLATEID, LOCATIONACONTACTADDRESS, LOCATIONACONTACTNAME, LOCATIONACONTACTTEL, LOCATIONACONTACTEMAIL, LOCATIONAUNITNUMBER, LOCATIONAINTERFACE, LOCATIONAREMARKS, LOCATIONBCITY, LOCATIONBCCLICODE, LOCATIONBACCESSCIRCUIT, LOCATIONBJVCODE, LOCATIONBEXCHANGESWITCHCODE, LOCATIONBACCESSTYPE, LOCATIONBPLATEID, LOCATIONBOLDPLATEID, LOCATIONBCONTACTADDRESS, LOCATIONBCONTACTNAME, LOCATIONBCONTACTTEL, LOCATIONBCONTACTEMAIL, LOCATIONBUNITNUMBER, LOCATIONBINTERFACE, LOCATIONBREMARKS, TBPORTNUMBER, WIRES, SERVICEDATE, CREATIONDATE)
values ('*', 'I', 0, 0, 0, 0, 0, 0, 0, 0, 0, 0, 0, 0, 0, 0, 0, 0, 0, 0, 0, 0, 0, 0, 0, 0, 0, 0, 0, 0, 0, 0, 0, 0, 0, 0, 0, 0, 0, 0, 0, 0, 0, 0, 0, 0);

insert into stc_lineitem_validation_map (SERVICETYPE, ORDERTYPE, LINEITEMTYPE, OLDSERVICENUMBER, PRODUCTTYPE, REMARKS, REFERENCETELNUMBER, SERVICEDESCRIPTION, BANDWIDTH, ACCOUNTNUMBER, OLDACCOUNTNUMBER, PROJECTID, LOCATIONACITY, LOCATIONACCLICODE, LOCATIONAACCESSCIRCUIT, LOCATIONAJVCODE, LOCATIONAEXCHANGESWITCHCODE, LOCATIONAACCESSTYPE, LOCATIONAPLATEID, LOCATIONAOLDPLATEID, LOCATIONACONTACTADDRESS, LOCATIONACONTACTNAME, LOCATIONACONTACTTEL, LOCATIONACONTACTEMAIL, LOCATIONAUNITNUMBER, LOCATIONAINTERFACE, LOCATIONAREMARKS, LOCATIONBCITY, LOCATIONBCCLICODE, LOCATIONBACCESSCIRCUIT, LOCATIONBJVCODE, LOCATIONBEXCHANGESWITCHCODE, LOCATIONBACCESSTYPE, LOCATIONBPLATEID, LOCATIONBOLDPLATEID, LOCATIONBCONTACTADDRESS, LOCATIONBCONTACTNAME, LOCATIONBCONTACTTEL, LOCATIONBCONTACTEMAIL, LOCATIONBUNITNUMBER, LOCATIONBINTERFACE, LOCATIONBREMARKS, TBPORTNUMBER, WIRES, SERVICEDATE, CREATIONDATE)
values ('*', 'C', 0, 0, 0, 0, 0, 0, 0, 0, 0, 0, 0, 0, 0, 0, 0, 0, 0, 0, 0, 0, 0, 0, 0, 0, 0, 0, 0, 0, 0, 0, 0, 0, 0, 0, 0, 0, 0, 0, 0, 0, 0, 0, 0, 0);

insert into stc_lineitem_validation_map (SERVICETYPE, ORDERTYPE, LINEITEMTYPE, OLDSERVICENUMBER, PRODUCTTYPE, REMARKS, REFERENCETELNUMBER, SERVICEDESCRIPTION, BANDWIDTH, ACCOUNTNUMBER, OLDACCOUNTNUMBER, PROJECTID, LOCATIONACITY, LOCATIONACCLICODE, LOCATIONAACCESSCIRCUIT, LOCATIONAJVCODE, LOCATIONAEXCHANGESWITCHCODE, LOCATIONAACCESSTYPE, LOCATIONAPLATEID, LOCATIONAOLDPLATEID, LOCATIONACONTACTADDRESS, LOCATIONACONTACTNAME, LOCATIONACONTACTTEL, LOCATIONACONTACTEMAIL, LOCATIONAUNITNUMBER, LOCATIONAINTERFACE, LOCATIONAREMARKS, LOCATIONBCITY, LOCATIONBCCLICODE, LOCATIONBACCESSCIRCUIT, LOCATIONBJVCODE, LOCATIONBEXCHANGESWITCHCODE, LOCATIONBACCESSTYPE, LOCATIONBPLATEID, LOCATIONBOLDPLATEID, LOCATIONBCONTACTADDRESS, LOCATIONBCONTACTNAME, LOCATIONBCONTACTTEL, LOCATIONBCONTACTEMAIL, LOCATIONBUNITNUMBER, LOCATIONBINTERFACE, LOCATIONBREMARKS, TBPORTNUMBER, WIRES, SERVICEDATE, CREATIONDATE)
values ('*', 'T', 0, 0, 0, 0, 0, 0, 0, 0, 0, 0, 0, 0, 0, 0, 0, 0, 0, 0, 0, 0, 0, 0, 0, 0, 0, 0, 0, 0, 0, 0, 0, 0, 0, 0, 0, 0, 0, 0, 0, 0, 0, 0, 0, 0);

insert into stc_lineitem_validation_map (SERVICETYPE, ORDERTYPE, LINEITEMTYPE, OLDSERVICENUMBER, PRODUCTTYPE, REMARKS, REFERENCETELNUMBER, SERVICEDESCRIPTION, BANDWIDTH, ACCOUNTNUMBER, OLDACCOUNTNUMBER, PROJECTID, LOCATIONACITY, LOCATIONACCLICODE, LOCATIONAACCESSCIRCUIT, LOCATIONAJVCODE, LOCATIONAEXCHANGESWITCHCODE, LOCATIONAACCESSTYPE, LOCATIONAPLATEID, LOCATIONAOLDPLATEID, LOCATIONACONTACTADDRESS, LOCATIONACONTACTNAME, LOCATIONACONTACTTEL, LOCATIONACONTACTEMAIL, LOCATIONAUNITNUMBER, LOCATIONAINTERFACE, LOCATIONAREMARKS, LOCATIONBCITY, LOCATIONBCCLICODE, LOCATIONBACCESSCIRCUIT, LOCATIONBJVCODE, LOCATIONBEXCHANGESWITCHCODE, LOCATIONBACCESSTYPE, LOCATIONBPLATEID, LOCATIONBOLDPLATEID, LOCATIONBCONTACTADDRESS, LOCATIONBCONTACTNAME, LOCATIONBCONTACTTEL, LOCATIONBCONTACTEMAIL, LOCATIONBUNITNUMBER, LOCATIONBINTERFACE, LOCATIONBREMARKS, TBPORTNUMBER, WIRES, SERVICEDATE, CREATIONDATE)
values ('*', 'D', 0, 0, 0, 0, 0, 0, 0, 0, 0, 0, 0, 0, 0, 0, 0, 0, 0, 0, 0, 0, 0, 0, 0, 0, 0, 0, 0, 0, 0, 0, 0, 0, 0, 0, 0, 0, 0, 0, 0, 0, 0, 0, 0, 0);

insert into stc_lineitem_validation_map (SERVICETYPE, ORDERTYPE, LINEITEMTYPE, OLDSERVICENUMBER, PRODUCTTYPE, REMARKS, REFERENCETELNUMBER, SERVICEDESCRIPTION, BANDWIDTH, ACCOUNTNUMBER, OLDACCOUNTNUMBER, PROJECTID, LOCATIONACITY, LOCATIONACCLICODE, LOCATIONAACCESSCIRCUIT, LOCATIONAJVCODE, LOCATIONAEXCHANGESWITCHCODE, LOCATIONAACCESSTYPE, LOCATIONAPLATEID, LOCATIONAOLDPLATEID, LOCATIONACONTACTADDRESS, LOCATIONACONTACTNAME, LOCATIONACONTACTTEL, LOCATIONACONTACTEMAIL, LOCATIONAUNITNUMBER, LOCATIONAINTERFACE, LOCATIONAREMARKS, LOCATIONBCITY, LOCATIONBCCLICODE, LOCATIONBACCESSCIRCUIT, LOCATIONBJVCODE, LOCATIONBEXCHANGESWITCHCODE, LOCATIONBACCESSTYPE, LOCATIONBPLATEID, LOCATIONBOLDPLATEID, LOCATIONBCONTACTADDRESS, LOCATIONBCONTACTNAME, LOCATIONBCONTACTTEL, LOCATIONBCONTACTEMAIL, LOCATIONBUNITNUMBER, LOCATIONBINTERFACE, LOCATIONBREMARKS, TBPORTNUMBER, WIRES, SERVICEDATE, CREATIONDATE)
values ('*', 'E', 0, 0, 0, 0, 0, 0, 0, 0, 0, 0, 0, 0, 0, 0, 0, 0, 0, 0, 0, 0, 0, 0, 0, 0, 0, 0, 0, 0, 0, 0, 0, 0, 0, 0, 0, 0, 0, 0, 0, 0, 0, 0, 0, 0);

insert into stc_lineitem_validation_map (SERVICETYPE, ORDERTYPE, LINEITEMTYPE, OLDSERVICENUMBER, PRODUCTTYPE, REMARKS, REFERENCETELNUMBER, SERVICEDESCRIPTION, BANDWIDTH, ACCOUNTNUMBER, OLDACCOUNTNUMBER, PROJECTID, LOCATIONACITY, LOCATIONACCLICODE, LOCATIONAACCESSCIRCUIT, LOCATIONAJVCODE, LOCATIONAEXCHANGESWITCHCODE, LOCATIONAACCESSTYPE, LOCATIONAPLATEID, LOCATIONAOLDPLATEID, LOCATIONACONTACTADDRESS, LOCATIONACONTACTNAME, LOCATIONACONTACTTEL, LOCATIONACONTACTEMAIL, LOCATIONAUNITNUMBER, LOCATIONAINTERFACE, LOCATIONAREMARKS, LOCATIONBCITY, LOCATIONBCCLICODE, LOCATIONBACCESSCIRCUIT, LOCATIONBJVCODE, LOCATIONBEXCHANGESWITCHCODE, LOCATIONBACCESSTYPE, LOCATIONBPLATEID, LOCATIONBOLDPLATEID, LOCATIONBCONTACTADDRESS, LOCATIONBCONTACTNAME, LOCATIONBCONTACTTEL, LOCATIONBCONTACTEMAIL, LOCATIONBUNITNUMBER, LOCATIONBINTERFACE, LOCATIONBREMARKS, TBPORTNUMBER, WIRES, SERVICEDATE, CREATIONDATE)
values ('*', 'O', 0, 0, 0, 0, 0, 0, 0, 0, 0, 0, 0, 0, 0, 0, 0, 0, 0, 0, 0, 0, 0, 0, 0, 0, 0, 0, 0, 0, 0, 0, 0, 0, 0, 0, 0, 0, 0, 0, 0, 0, 0, 0, 0, 0);

insert into stc_lineitem_validation_map (SERVICETYPE, ORDERTYPE, LINEITEMTYPE, OLDSERVICENUMBER, PRODUCTTYPE, REMARKS, REFERENCETELNUMBER, SERVICEDESCRIPTION, BANDWIDTH, ACCOUNTNUMBER, OLDACCOUNTNUMBER, PROJECTID, LOCATIONACITY, LOCATIONACCLICODE, LOCATIONAACCESSCIRCUIT, LOCATIONAJVCODE, LOCATIONAEXCHANGESWITCHCODE, LOCATIONAACCESSTYPE, LOCATIONAPLATEID, LOCATIONAOLDPLATEID, LOCATIONACONTACTADDRESS, LOCATIONACONTACTNAME, LOCATIONACONTACTTEL, LOCATIONACONTACTEMAIL, LOCATIONAUNITNUMBER, LOCATIONAINTERFACE, LOCATIONAREMARKS, LOCATIONBCITY, LOCATIONBCCLICODE, LOCATIONBACCESSCIRCUIT, LOCATIONBJVCODE, LOCATIONBEXCHANGESWITCHCODE, LOCATIONBACCESSTYPE, LOCATIONBPLATEID, LOCATIONBOLDPLATEID, LOCATIONBCONTACTADDRESS, LOCATIONBCONTACTNAME, LOCATIONBCONTACTTEL, LOCATIONBCONTACTEMAIL, LOCATIONBUNITNUMBER, LOCATIONBINTERFACE, LOCATIONBREMARKS, TBPORTNUMBER, WIRES, SERVICEDATE, CREATIONDATE)
values ('*', 'F', 0, 0, 0, 0, 0, 0, 0, 0, 0, 0, 0, 0, 0, 0, 0, 0, 0, 0, 0, 0, 0, 0, 0, 0, 0, 0, 0, 0, 0, 0, 0, 0, 0, 0, 0, 0, 0, 0, 0, 0, 0, 0, 0, 0);

commit;

prompt Done.


-- MR: setting up BundleOrderHeader Validation Map


prompt Importing table STC_ORDERHEADER_VALIDATION_MAP...

insert into STC_ORDERHEADER_VALIDATION_MAP (ORDERTYPE, CUSTOMERIDNUMBER, ACCOUNTNUMBER, CUSTOMERTYPE, CUSTOMERIDTYPE, CUSTOMERCONTACT, CUSTOMERCONTACTNAME, CUSTOMERNAME, CUSTOMERNUMBER, CREATEDBYNAME, CREATEDBYCONTACTNAME, SERVICEDATE, PRIORITY, REMARKS, REFERENCETELNUMBER, VERSION, CUSTOMERSEGMENTATION, FEASIBILITYFOR, RESERVATION, RESERVATIONNUMBER, ICMSSALESORDERNUMBER)
values ('I', 1, 1, 0, 0, 1, 0, 0, 0, 0, 0, 0, 0, 0, 0, 0, 0, 0, 0, 0, 0);

insert into STC_ORDERHEADER_VALIDATION_MAP (ORDERTYPE, CUSTOMERIDNUMBER, ACCOUNTNUMBER, CUSTOMERTYPE, CUSTOMERIDTYPE, CUSTOMERCONTACT, CUSTOMERCONTACTNAME, CUSTOMERNAME, CUSTOMERNUMBER, CREATEDBYNAME, CREATEDBYCONTACTNAME, SERVICEDATE, PRIORITY, REMARKS, REFERENCETELNUMBER, VERSION, CUSTOMERSEGMENTATION, FEASIBILITYFOR, RESERVATION, RESERVATIONNUMBER, ICMSSALESORDERNUMBER)
values ('C', 0, 1, 0, 0, 1, 0, 0, 0, 0, 0, 0, 0, 0, 0, 0, 0, 0, 0, 0, 0);

insert into STC_ORDERHEADER_VALIDATION_MAP (ORDERTYPE, CUSTOMERIDNUMBER, ACCOUNTNUMBER, CUSTOMERTYPE, CUSTOMERIDTYPE, CUSTOMERCONTACT, CUSTOMERCONTACTNAME, CUSTOMERNAME, CUSTOMERNUMBER, CREATEDBYNAME, CREATEDBYCONTACTNAME, SERVICEDATE, PRIORITY, REMARKS, REFERENCETELNUMBER, VERSION, CUSTOMERSEGMENTATION, FEASIBILITYFOR, RESERVATION, RESERVATIONNUMBER, ICMSSALESORDERNUMBER)
values ('T', 0, 1, 0, 0, 1, 0, 0, 0, 0, 0, 0, 0, 0, 0, 0, 0, 0, 0, 0, 0);

insert into STC_ORDERHEADER_VALIDATION_MAP (ORDERTYPE, CUSTOMERIDNUMBER, ACCOUNTNUMBER, CUSTOMERTYPE, CUSTOMERIDTYPE, CUSTOMERCONTACT, CUSTOMERCONTACTNAME, CUSTOMERNAME, CUSTOMERNUMBER, CREATEDBYNAME, CREATEDBYCONTACTNAME, SERVICEDATE, PRIORITY, REMARKS, REFERENCETELNUMBER, VERSION, CUSTOMERSEGMENTATION, FEASIBILITYFOR, RESERVATION, RESERVATIONNUMBER, ICMSSALESORDERNUMBER)
values ('D', 0, 0, 0, 0, 0, 0, 0, 0, 0, 0, 0, 0, 0, 0, 0, 0, 0, 0, 0, 0);

insert into STC_ORDERHEADER_VALIDATION_MAP (ORDERTYPE, CUSTOMERIDNUMBER, ACCOUNTNUMBER, CUSTOMERTYPE, CUSTOMERIDTYPE, CUSTOMERCONTACT, CUSTOMERCONTACTNAME, CUSTOMERNAME, CUSTOMERNUMBER, CREATEDBYNAME, CREATEDBYCONTACTNAME, SERVICEDATE, PRIORITY, REMARKS, REFERENCETELNUMBER, VERSION, CUSTOMERSEGMENTATION, FEASIBILITYFOR, RESERVATION, RESERVATIONNUMBER, ICMSSALESORDERNUMBER)
values ('E', 0, 0, 0, 0, 0, 0, 0, 0, 0, 0, 0, 0, 0, 0, 0, 0, 0, 0, 0, 0);

insert into STC_ORDERHEADER_VALIDATION_MAP (ORDERTYPE, CUSTOMERIDNUMBER, ACCOUNTNUMBER, CUSTOMERTYPE, CUSTOMERIDTYPE, CUSTOMERCONTACT, CUSTOMERCONTACTNAME, CUSTOMERNAME, CUSTOMERNUMBER, CREATEDBYNAME, CREATEDBYCONTACTNAME, SERVICEDATE, PRIORITY, REMARKS, REFERENCETELNUMBER, VERSION, CUSTOMERSEGMENTATION, FEASIBILITYFOR, RESERVATION, RESERVATIONNUMBER, ICMSSALESORDERNUMBER)
values ('O', 0, 0, 0, 0, 0, 0, 0, 0, 0, 0, 0, 0, 0, 0, 0, 0, 0, 0, 0, 0);

insert into STC_ORDERHEADER_VALIDATION_MAP (ORDERTYPE, CUSTOMERIDNUMBER, ACCOUNTNUMBER, CUSTOMERTYPE, CUSTOMERIDTYPE, CUSTOMERCONTACT, CUSTOMERCONTACTNAME, CUSTOMERNAME, CUSTOMERNUMBER, CREATEDBYNAME, CREATEDBYCONTACTNAME, SERVICEDATE, PRIORITY, REMARKS, REFERENCETELNUMBER, VERSION, CUSTOMERSEGMENTATION, FEASIBILITYFOR, RESERVATION, RESERVATIONNUMBER, ICMSSALESORDERNUMBER)
values ('F', 1, 1, 0, 0, 0, 0, 0, 0, 0, 0, 0, 0, 0, 0, 0, 0, 0, 0, 0, 0);

commit;

prompt Done.



-- MR: setting up serviceType Behavior to skip WS Validation for AMO services

prompt Importing table STC_SERVICETYPE_BEHAVIORCONFIG...

insert into STC_SERVICETYPE_BEHAVIORCONFIG (SERVICETYPE, EXTERNAL_VALIDATION_REQUIRED, SEND_DISCONNECT_FOR_CANCEL, SUPPORT_PROVISIONING, SUPPORT_PARTIAL_CANCEL)
values ('DID_SIP', 0, 0, 1, 1);

insert into STC_SERVICETYPE_BEHAVIORCONFIG (SERVICETYPE, EXTERNAL_VALIDATION_REQUIRED, SEND_DISCONNECT_FOR_CANCEL, SUPPORT_PROVISIONING, SUPPORT_PARTIAL_CANCEL)
values ('SIP_TF', 0, 0, 1, 1);

insert into STC_SERVICETYPE_BEHAVIORCONFIG (SERVICETYPE, EXTERNAL_VALIDATION_REQUIRED, SEND_DISCONNECT_FOR_CANCEL, SUPPORT_PROVISIONING, SUPPORT_PARTIAL_CANCEL)
values ('SIP_UAN', 0, 0, 1, 1);

insert into STC_SERVICETYPE_BEHAVIORCONFIG (SERVICETYPE, EXTERNAL_VALIDATION_REQUIRED, SEND_DISCONNECT_FOR_CANCEL, SUPPORT_PROVISIONING, SUPPORT_PARTIAL_CANCEL)
values ('SIP_SN', 0, 0, 1, 1);

commit;

prompt Done.


-- MR: setting up ProductType Name Map

prompt Importing table STC_PRODUCTTYPE_NAME_MAP...

insert into STC_PRODUCTTYPE_NAME_MAP (CWDOCID, INTERNALPRODUCTTYPE, CRMPRODUCTTYPE) values (1, 'Bundle SIP', 'SIPB');

commit;

prompt Done.

-- MR: setting up ServiceType Name Map

prompt Importing table STC_SERVICETYPE_NAME_MAP...

insert into STC_SERVICETYPE_NAME_MAP (INTERNALSERVICETYPE, CRMSERVICETYPE) values ('SIP/Primary SIP', 'SIP');
insert into STC_SERVICETYPE_NAME_MAP (INTERNALSERVICETYPE, CRMSERVICETYPE) values ('SIP/Backup SIP', 'BSIP');

commit;

prompt Done.


prompt Importing table STC_NVNAMES_MANDATORY...

insert into stc_nvnames_mandatory (CWDOCID, ORDERTYPE, SERVICETYPE, NAMENVPAIR)
values ('1', 'I', 'DID_SIP', 'DID_COUNT');

insert into stc_nvnames_mandatory (CWDOCID, ORDERTYPE, SERVICETYPE, NAMENVPAIR)
values ('2', 'I', 'DID_SIP', 'DOD_COUNT');

insert into stc_nvnames_mandatory (CWDOCID, ORDERTYPE, SERVICETYPE, NAMENVPAIR)
values ('3', 'I', 'DID_SIP', 'Range');

insert into stc_nvnames_mandatory (CWDOCID, ORDERTYPE, SERVICETYPE, NAMENVPAIR)
values ('4', 'I', 'DID_SIP', 'Telephone Number');

insert into stc_nvnames_mandatory (CWDOCID, ORDERTYPE, SERVICETYPE, NAMENVPAIR)
values ('5', 'I', 'SIP_SN', 'DID_COUNT');

insert into stc_nvnames_mandatory (CWDOCID, ORDERTYPE, SERVICETYPE, NAMENVPAIR)
values ('6', 'I', 'SIP_SN', 'DOD_COUNT');

insert into stc_nvnames_mandatory (CWDOCID, ORDERTYPE, SERVICETYPE, NAMENVPAIR)
values ('7', 'I', 'SIP_SN', 'Telephone Number');

insert into stc_nvnames_mandatory (CWDOCID, ORDERTYPE, SERVICETYPE, NAMENVPAIR)
values ('8', 'I', 'SIP_TF', 'DID_COUNT');

insert into stc_nvnames_mandatory (CWDOCID, ORDERTYPE, SERVICETYPE, NAMENVPAIR)
values ('9', 'I', 'SIP_TF', 'DOD_COUNT');

insert into stc_nvnames_mandatory (CWDOCID, ORDERTYPE, SERVICETYPE, NAMENVPAIR)
values ('10', 'I', 'SIP_TF', 'EQNumAddList');

insert into stc_nvnames_mandatory (CWDOCID, ORDERTYPE, SERVICETYPE, NAMENVPAIR)
values ('11', 'I', 'SIP_TF', 'Telephone Number');

insert into stc_nvnames_mandatory (CWDOCID, ORDERTYPE, SERVICETYPE, NAMENVPAIR)
values ('12', 'I', 'SIP_UAN', 'DID_COUNT');

insert into stc_nvnames_mandatory (CWDOCID, ORDERTYPE, SERVICETYPE, NAMENVPAIR)
values ('13', 'I', 'SIP_UAN', 'DOD_COUNT');

insert into stc_nvnames_mandatory (CWDOCID, ORDERTYPE, SERVICETYPE, NAMENVPAIR)
values ('14', 'I', 'SIP_UAN', 'EQNumAddList');

insert into stc_nvnames_mandatory (CWDOCID, ORDERTYPE, SERVICETYPE, NAMENVPAIR)
values ('15', 'I', 'SIP_UAN', 'Telephone Number');

insert into stc_nvnames_mandatory (CWDOCID, ORDERTYPE, SERVICETYPE, NAMENVPAIR)
values ('32', 'C', 'DID_SIP', 'Range');

insert into stc_nvnames_mandatory (CWDOCID, ORDERTYPE, SERVICETYPE, NAMENVPAIR)
values ('33', 'C', 'DID_SIP', 'Telephone Number');

insert into stc_nvnames_mandatory (CWDOCID, ORDERTYPE, SERVICETYPE, NAMENVPAIR)
values ('34', 'C', 'SIP_SN', 'Telephone Number');

insert into stc_nvnames_mandatory (CWDOCID, ORDERTYPE, SERVICETYPE, NAMENVPAIR)
values ('35', 'C', 'SIP_TF', 'Telephone Number');

insert into stc_nvnames_mandatory (CWDOCID, ORDERTYPE, SERVICETYPE, NAMENVPAIR)
values ('36', 'C', 'SIP_UAN', 'Telephone Number');

commit;

prompt Done.